Tower B,2205,Mrs. DIVYA BALACHANDRAN NAIR,8888829815
Tower B,2210,Mr. Abhishek Shrikrishna Jog,9637528143
Tower B,2301,Mr. RAMAKRISHNA PRABHU,9130004158
Tower B,2302,Mr. RAHUL JAIN,9826354041
Tower B,2303,Mr. ANKUSH SINGH BHADOURIA,9011099241
Tower B,2304,Mr. MANDAR VILAS NAIK,8956490443
Tower B,2305,Mr. Anand Venkat Rao,8438145942
Tower B,2310,Mr. NIRJHAR JAIN,8888444626
Tower B,2401,Mr. PRABAL AGARWAL,9823699879
Tower B,2402,Mr. PRAVEEN BABU JAIN,9372992093
Tower B,2403,Mr. DHIRAJ CHANDRAKANT BARGE,9860507094
Tower B,2404,Mr. SHRINIVAS BHAGWAT SHELKE,9921844453
Tower B,2405,r. SIDDHESH BHAUSAHEB POKHARKAR,9579756160
Tower B,2410,Mr. ROHIT RANJAN,9028310946
Tower B,2501,Mr. MANOJ SHIVDASAPPA SHINDE,9730107209
Tower B,2502,Mr. SHAILENDRA SINGH GAUTAM,9011099221
Tower B,2503,s. SHUBHANGI MADHUKAR KSHIRSAG,7276519998
Tower B,2504,Mr. YOGESHWAR MOTICHAND DHOKE,9860015878
Tower B,2505,Mrs. HEMA VAIBHAV PARAB,9890982298
Tower B,2510,Mr. EKNATH UTTAMRAO SAWANT,9821594482
Tower B,2601,Mr. ASHWIN SHIVAYOGI HASBI,9820820125
Tower B,2602,Mr. Sumedh Nandkumar Wankhede,9028645306
Tower B,2603,Mr. GANESH CHANDRAKANT SHINDE,8999741021
Tower B,2604,Mr. AVDHUT PADMAKER DEV,7226999211
Tower B,2605,Mr. KAPIL DINESHKUMAR DUBEY,9822341567
Tower B,2701,Mr. YASHRAJ SAMEER ZADGAONKAR,7387956635
Tower B,2702,Mr. MOHIT HIRALAL DEVLANI,9923989046
Tower B,2703,Ms. CHETANA KISHOR MAHALE,7588579887
Tower B,2704,Mr. RAJKUMAR PADAMAKAR PUJARI,9850632424
Tower B,2705,Mr. SHASHIKANT VASUDEV SARODE,8446395089
Tower B,2710,Mr. Akshay Laxmikant Walimbe,8983055955
Tower B,1006+1007,DATTA VITHALRAO WADIKAR,9550805081
Tower B,1008+1009,PARIGHA RAVINDRA NAWALE,9860088630
Tower B,106+107,NITISH RAJENORA MUTEY,7875335446
Tower B,108-109,PRAMOD MURLIDHAR PATKE,8308801369
Tower B,1106+1107,LEEZA LILADHAR BARDE,9561333577
Tower B,1108+1109,NIKHIL ASHOK MAWANDE,7276051985
Tower B,1206+1207,MEGHRAJ MANOHAR SHIRADWADE,7385858319
Tower B,1208+1209,TUSHAR MAHADEV SHIRGAVE,9730279090
Tower B,1306+1307,Mrs. TRUPTI MARAOTI VAIDYA,7738497892
Tower B,1308+1309,Mr. ANIL RAMCHANDRA PATIL,9637913158
Tower B,1406+1407,Mr. SUSHIL MADHUKAR PACHGHARE,9960744381
Tower B,1408+1409,Mr. NITIN GANPAT SHINDE,8446165329
