Tower B,4,Mrs. DEEPA JAYAKUMAR,9663380542
Tower B,101,SHRIDEVI SANTOSH PHATATE,9920666595
Tower B,104,DHANANJAY GHANASHAM PATIL,9890647393
Tower B,105,SAGAR BALKRIHNA CHAVAN,9730446121
Tower B,110,Ranjana Sambhare,9766598622
Tower B,201,PIYUSH DOMDE,9619033605
Tower B,202,MAHESH ANGADMO FUI.SAMANDAR,9822862921
Tower B,203,NEHA RAJU MOR,9975477305
Tower B,204,AMIT KHARE,7030430483
Tower B,205,SHAKEY KAPOOR,9767354792
Tower B,210,JYOTI TULSHIDAS MHADGUT,9960431736
Tower B,301,ROHIT SUNIL VINCHURE,9822845595
Tower B,302,OMKAR PANOURANG BHATSHINDE,9096145174
Tower B,303,SACHIN BABURAO BIRADAR,9595919143
Tower B,304,VAISHNAV SATISH KOTARKAR,9422440971
Tower B,305,SHAILESH NIVRUTTI KADAM,9823323387
Tower B,310,SANTOSH KAILASHRAO SHINDE,9223550692
Tower B,401,NAKUI.ARUN KHISTE,8007371367
Tower B,402,SANDEEP ASHOK SHINDE,9028559178
Tower B,403,PRAVIN BHAGWAT KHACHANE,8446549324
Tower B,404,MOHAN LAXMIXANT DESHKAR,9930387626
Tower B,405,SONAL HEMANT GANDHI,9370874120
Tower B,410,SHUBHANGISURA' PAIIL,8446806039
Tower B,501,SANKET IIVANRAO BANGINWAR,8999954053
Tower B,502,ALOK KUMAR SINGH,9522082222
Tower B,50,SHUBHAM ASHOK URKUTE,8087691943
Tower B,504,JAYDEEP CHANDRAKANT JADHAV,7020142173
Tower B,505,MANISH MADHUKAR,9888371877
Tower B,510,RUCHI MARAWI,7387112600
Tower B,601,SWANTI BATTATRAYA SHENDE,9960299822
Tower B,602,SWAPNIL RAJAN BAGDE,8087539744
Tower B,603,SUNIL RAMNATH NAIKWADI,8600149697
Tower B,604,SHYAM RATNAKAR MOGHE,9922445681
Tower B,605,BHUSHAN SUREHS BAVISKAR,9028919622
Tower B,610,PRAKASH KESHAORAO KHORNE,9930333542
Tower B,701,ANJALI HEMANT SATPUTE,9922942047
Tower B,702,DEVENDRA CHHAGANLAL TIDKE,9579057920
Tower B,703,NILESH NANDKUMAR SHINDE,9561426425
Tower B,704,KIRAN NATTHU PATIL,9420111979
Tower B,705,SURAJ MARUTI NIKAM,7558309168
Tower B,710,JIJABAI SUBHASH BHANDARE,9422753895
Tower B,801,JAIKUMAR GURMUKH AJWANI,9892250000
