Tower B,802,NITIN SONI,9960629435
Tower B,803,VIKRAMRAJ KRISHNAT PATIL,8055414744
Tower B,804,SAURABH SANTUKRAO NANDEDKAR,9960700904
Tower B,805,PAWAN ANIL MAHAJAN,9930610110
Tower B,810,RAJESH MOHANRAO REVENWAR,7040018857
Tower B,901,BHUSHAN MOHAN PATIL,7506740440
Tower B,902,GURUNATH RAMCHANDRA SAGAR,9420545320
Tower B,903,SUJAN SUNIL CHAVAN,9075714772
Tower B,904,VINIT ARUN DAVE,988123383
Tower B,905,JAGDISH GAJANAN MHADGUT,9850190164
Tower B,910,SUHAS HIRAMAN DURUGKAR,9371598376
Tower B,1001,BHASKAR ANANDRAO PATIL,7507005111
Tower B,1002,TUSHAR LAXMAN SHIRSATH,7892193748
Tower B,1003,SHUBHAM PURUSHOTTAM BAJAD,9561286540
Tower B,1004,NAYANA SANJAY GADHAK,7972367077
Tower B,1005,AMOL RAOSAHEB PATIL,9923250431
Tower B,1010,CHETAN KUMAR SHRIVASTAVA,7350396657
Tower B,1101,ROHAN LAHURAJ PHADTARE,9869001282
Tower B,1102,RAJESH FULCHAND KALE,9773235461
Tower B,1103,SHARAD SHIVAJI GAWADE,8805086913
Tower B,1104,SHUBHAM SANJAY YERAWAR,8087305255
Tower B,1105,ATISH MILIND BHOSALE,8657109225
Tower B,1110,VIJAY TULSHRAM DHARMIK,8805032865
Tower B,1201,BHUSHAN MUKESHKUMAR KALARIA,9767587211
Tower B,1202,GAHINATH SHIVDAS GHANWAT,9657188144
Tower B,1203,VAIBHAV SURESH JAGDALE,9404242609
Tower B,1204,SAGAR VASANTRAO SALUNKHE,9404737160
Tower B,1205,NINAD BANDOPANT PATIL,9028499139
Tower B,1210,NIKETAN SHRIVASTAVA,9406927474
Tower B,1301,RAJ GAJANAN KURHEKAR,9028386181
Tower B,1302,GAJANAN ANIRUDH SHINDE,9970088388
Tower B,1303,Mr. ADITYA DAULATRAO DESHMUKH,8007888111
Tower B,1304,Mr. GOURAV GUPTA,9589586163
Tower B,1305,Mr. Harshal Sunil Attarde,9529274252
Tower B,1310,Mr. VISHAL SURESH KADAM,7588626422
Tower B,1401,Mr. ATUL ARJUN NEHETE,9712977010
Tower B,1402,Mrs. JARINABI HASIM SHAIKH,9049001610
Tower B,1403,Ms. ASHVINI SURESH KSHIRSAGAR,8668293872
Tower B,1404,Mr. RAJESH KUMAR SAHU,7738011820
Tower B,1405,Mr. GOLDEN PREET SINGH,9930429463
Tower B,1410,Mr. ANANT NARAYAN SURNIS,9372203011
Tower B,1501,Mr. SUSHANT RAMESH PATIL,7720992345
Tower B,1502,Mr. VILAS SHRIRAM PATIL,8668537915
