Tower B,1503,Mr. SHRIRAM MAKARAND UNTAWALE,
Tower B,8275311690,1504,Mr. PARTH RASTOGI,8698462574
Tower B,,1505,Mr. VISHAWAJEET SUKHADEV MORE,9960545722,
Tower B,1510,Mr. Uday Dilip Yadav,9766749394
Tower B,1601,Mrs. SAKSHI SAGAR DESHPANDE,8779392562
Tower B,1602,Mr. ABHIJEET NITIN KHATAVKAR,9921163269
Tower B,1603,Mr. ISHAN PRABHAKAR ZORE,9028561353
Tower B,1604,Mr. CHETAN BHANGALE,7738042384
Tower B,1605,Mr. MAHESH PANDURANG PATIL,9975464390
Tower B,1610,Mr. PRATIK UMAKANT JADHAV,8668429077
Tower B,170,Mr. RAJESH KUMAR RANJAN,9778813247
Tower B,1702,Mrs. INDIRA PRAKASH JAWARE,9637249904
Tower B,1703,Mr. AKSHAY ANIL BORATE,9420999582
Tower B,1704,Mrs. RUTUJA SAGAR RANAWARE,9730762463
Tower B,1705,Mr. Nikhil kumar bajpai,9130543453
Tower B,1710,Mr. SANJAY NATHANI,9962164054
Tower B,180,Mr. ANKUSH VIJAYSINGH BAIS,9860085758
Tower B,1803,Mrs. ASHVINI PRABHAKAR VIBHUTE,9421554758
Tower B,1804,Mr. JAYANT BHASIN,8390595000
Tower B,1805,Mrs. KUNJAN DHIRENDRA SHARMA,9890962651
Tower B,1810,Mr. SANTOSH SIDRAM DESHMUKH,9763455255
Tower B,1901,Ms. TEJASWI BABAN LANDGE,9930799709
Tower B,1902,Mrs. PRAGATI ANKUSH SHINDE,8788393728
Tower B,1903,Mrs. SAYALI AJIT KULKARNI,8805565663
Tower B,1904,Mr. SAGAR PRAFULLAKUMAR SHAH,9423487208
Tower B,1905,Mr. MOHIT HANUMANTRAO PATIL,9960836486
Tower B,1910,Mrs. MONALI PRABHAKAR NAKIL,9860493390
Tower B,2001,Mr. YOGESH MARUTRAO DESHMUKH,9762077615
Tower B,2002,Mr. DHONDIBA UMAJI CHOUGALE,9970800882
Tower B,2003,Mr. Ashish Jaideordo Arbat,8904108510
Tower B,2004,r. PRATHAMESH DASHARATH PANSAR,9702086590
Tower B,2005,Mr. VAIBHAV BABARAO KARANGALE,9731059977
Tower B,2010,r. NANDKISHOR HARSHAL MANJREKA,9594497740
Tower B .,2101,Mr. VISHAL KASHINATH NEEL,7798437062,
Tower B,2102,Mr. Mangesh Manoharrao Gulhane,8087172019
Tower B,2103,Mr. Prafulla Samadhan Band,9028236737
Tower B,2104,Mrs. SUJATA PRASHANT AUSEKAR,969972216
Tower B,2105,Ms. SHWETA PRAMOD SALVE,8788752408
Tower B,2110,Mrs. NEETA ASHISH KUMBHAR,9850498855
Tower B,2201,Mrs. VISHAKHA DHANANJAY HEDAOO,8446712504
Tower B,2202,Mrs. Sneha Arun Mahadik,9664256015
Tower B,2203,Mrs. PRIYANKA SHASHANK SAWANT,8208095956
Tower B,2204,Mr. SACHIN GOVINDRAO KOTGIRE,9545022770
